customerID,MonthlyCharges,Contract,tenure_bin,OnlineSecurity,InternetService,Churn,PredictedChurn
1024-guald,0.06517412935323383,0,0,0,0,1,1
0484-jpbru,0.06965174129353235,0,3,1,2,0,0
3620-ehimz,0.010945273631840807,2,4,1,2,0,0
6910-hadcm,0.5781094527363183,0,0,0,1,1,1
8587-xyzsf,0.32139303482587056,2,5,0,0,0,0
6818-wobhj,0.7099502487562188,0,5,0,1,1,0
3082-yvekw,0.5860696517412936,2,1,2,0,0,0
4737-aqcpu,0.535820895522388,2,5,2,0,0,0
4853-rulsv,0.8532338308457711,2,5,2,1,1,0
5766-zjybb,0.011442786069651711,0,0,1,2,1,0
2668-tzsps,0.021890547263681587,0,0,1,2,0,0
3192-lnkrk,0.6547263681592039,0,2,0,1,0,0
5315-ckeqk,0.32587064676616917,1,2,0,0,0,0
5914-dvbwj,0.6686567164179105,0,1,0,1,1,0
7998-zlxwn,0.021890547263681587,0,1,1,2,0,0
6328-zpbgn,0.7651741293532338,0,0,0,1,1,1
9530-ehpoh,0.3532338308457711,0,0,0,0,1,0
1853-udxbw,0.5149253731343283,0,0,0,1,1,1
2672-tgeff,0.7019900497512437,0,3,0,1,0,0
1902-xbtfb,0.7079601990049752,0,1,0,1,1,0
1640-plfmp,0.5174129353233831,0,0,0,1,0,1
3679-xaspy,0.011940298507462671,0,0,1,2,0,0
7356-iwlfw,0.6144278606965173,0,3,0,1,0,0
9036-cskbw,0.8875621890547264,1,4,2,1,0,0
8952-wcvcd,0.8577114427860696,1,3,2,1,0,0
2100-bdnsn,0.49452736318407964,0,0,0,0,1,0
2869-adawr,0.7069651741293532,0,3,0,1,1,0
5832-exgtt,0.4174129353233831,0,2,2,0,0,0
9402-orrah,0.7288557213930348,0,1,0,1,0,0
4967-wpncf,0.4522388059701493,2,5,2,0,0,0
8033-vczgh,0.8527363184079603,1,4,2,1,0,0
9392-xbgtd,0.023383084577114438,2,2,1,2,0,0
0078-xzmht,0.6656716417910448,2,5,0,0,0,0
0743-hnpfg,0.5124378109452736,1,4,2,0,0,0
5334-jlaxu,0.7547263681592039,0,4,2,1,0,0
5696-excys,0.011940298507462671,2,1,1,2,0,0
2569-wgero,0.0288557213930348,2,5,1,2,0,0
5219-yiptk,0.8572139303482588,0,2,0,1,1,1
5553-aoinx,0.8621890547263681,1,5,0,1,0,0
5502-rluyv,0.8527363184079603,0,5,0,1,1,0
2058-dcjbe,0.5124378109452736,0,0,0,1,1,1
2293-ijwps,0.8208955223880597,1,4,0,1,0,0
7130-vtewq,0.572139303482587,0,0,0,1,1,1
0080-emyvy,0.33034825870646767,1,1,0,0,0,0
0148-dcdos,0.7606965174129353,0,2,0,1,1,0
9170-arbtb,0.013432835820895522,1,4,1,2,0,0
2070-fnexe,0.5791044776119403,0,0,2,1,1,0
5364-evnib,0.6124378109452736,0,1,0,1,1,0
1112-cunao,0.7124378109452736,0,1,0,1,1,0
4576-csajh,0.36716417910447763,1,1,0,0,1,0
9967-atrfs,0.01641791044776117,0,1,1,2,0,0
1360-rcyrt,0.12039800995024874,0,1,0,0,0,0
5038-etmlm,0.9492537313432835,2,5,2,1,0,0
5663-qbgis,0.7970149253731342,2,5,0,1,0,0
4194-whfcb,0.7800995024875622,0,4,0,1,0,0
9481-whgwy,0.5681592039800994,2,5,2,0,0,0
5453-ybtwv,0.8243781094527362,2,5,2,1,0,0
2018-pzkmu,0.8442786069651741,0,0,0,1,0,1
9277-joomo,0.06318407960199005,0,0,1,2,0,0
3629-znkxa,0.8313432835820894,0,1,0,1,0,1
0369-zgovk,0.518905472636816,1,2,0,1,0,0
3604-wlabm,0.35820895522388063,0,0,0,0,0,0
4063-eiknq,0.026865671641791017,0,0,1,2,0,0
2878-rmwxy,0.8398009950248756,2,5,2,1,0,0
9540-jyroe,0.5159203980099502,0,0,0,1,1,1
7515-lodfu,0.020398009950248763,2,5,1,2,0,0
1839-fbnfr,0.015920398009950265,2,3,1,2,0,0
5397-nskqg,0.3248756218905472,2,5,2,0,0,0
1755-fzqec,0.01641791044776117,1,3,1,2,0,0
2160-gpfxd,0.4716417910447761,2,4,2,0,0,0
4415-ijztp,0.5597014925373134,0,0,0,1,1,1
9880-tdqac,0.41542288557213924,2,5,0,0,0,0
5138-wvkyj,0.7990049751243781,0,0,2,1,1,1
8844-tonud,0.7800995024875622,0,1,0,1,1,1
0080-orozo,0.8059701492537313,1,2,0,1,0,0
0953-lgovu,0.17164179104477612,0,0,0,0,0,1
5325-uwtwj,0.7194029850746269,0,2,2,1,0,0
1074-amioh,0.8955223880597015,0,4,0,1,0,0
5906-bfozt,0.01243781094527363,0,0,1,2,0,0
7026-ymsbe,0.014427860696517386,1,2,1,2,0,0
6572-adkrs,0.5626865671641791,0,3,0,1,0,0
5922-abdvo,0.7104477611940299,0,1,0,1,1,0
6475-vhuiz,0.35820895522388063,0,1,0,0,0,0
1324-nltje,0.3656716417910447,0,1,0,0,1,0
4361-febgn,0.018905472636815884,2,3,1,2,0,0
8393-dlhga,0.772636815920398,0,2,0,1,1,0
6769-dcqli,0.86318407960199,1,4,0,1,1,0
3018-tftsu,0.6313432835820896,0,0,2,1,1,0
2324-aalno,0.06268656716417911,1,3,1,2,0,0
2300-rqgoi,0.01791044776119402,2,3,1,2,0,0
6133-ozile,0.16865671641791047,0,1,0,0,0,0
7605-snlqg,0.31840796019900497,0,3,0,0,0,0
5348-cagxb,0.7094527363184079,0,0,0,1,0,1
0201-mibol,0.8373134328358208,2,5,2,1,0,0
7083-miopc,0.019900497512437804,2,5,1,2,0,0
0562-kbdvm,0.26218905472636816,2,5,2,0,0,0
1173-noeyg,0.7154228855721393,0,2,0,1,0,0
7698-yfgez,0.01741293532338306,0,0,1,2,0,0
9061-tihda,0.7661691542288557,0,1,0,1,1,1
0016-qljis,0.718407960199005,2,5,2,0,0,0
7296-pixqy,0.5169154228855721,0,1,0,1,0,0
9102-iayht,0.6686567164179105,0,1,0,1,1,0
6447-egdiv,0.026865671641791017,1,2,1,2,0,0
3460-tjbwi,0.05920398009950248,2,1,1,2,0,0
3744-zbhon,0.019402985074626844,0,0,1,2,0,0
1092-ganhu,0.5810945273631841,0,1,0,1,1,0
3948-kxduf,0.5024875621890547,2,5,2,0,0,0
7284-zzloh,0.3487562189054726,2,3,2,0,0,0
6745-jefzb,0.7288557213930348,0,2,0,1,0,0
2606-pkwjb,0.21890547263681592,1,3,2,0,0,0
1624-woiwj,0.6611940298507463,0,0,2,1,1,0
8777-pvygu,0.4582089552238805,1,4,2,0,0,0
4770-qazxn,0.011940298507462671,0,1,1,2,0,0
8012-soudq,0.7164179104477612,0,3,0,1,0,0
5546-byzsm,0.021890547263681587,0,3,1,2,0,0
0523-vngtf,0.32089552238805974,0,4,0,0,0,0
3779-oswcf,0.745771144278607,2,5,2,0,0,0
8535-sfutn,0.8776119402985075,0,5,2,1,0,0
2320-slkmb,0.2606965174129353,0,2,0,0,0,0
7169-ywamk,0.49900497512437814,2,5,2,0,0,0
8434-pnqzx,0.5990049751243781,2,3,0,0,0,0
4981-fltmf,0.4671641791044776,0,4,2,0,0,0
9424-cmpog,0.013432835820895522,2,0,1,2,0,0
3627-fcrdw,0.5248756218905473,0,0,0,1,1,1
1518-omdik,0.2616915422885572,0,2,0,0,0,0
8393-jmvmb,0.011940298507462671,0,0,1,2,0,0
7638-qvmvy,0.6044776119402985,0,0,0,1,1,1
6140-qnrqq,0.5303482587064676,0,0,0,1,1,1
7969-ffowg,0.01641791044776117,2,5,1,2,0,0
1342-jpnki,0.6746268656716418,0,0,0,1,1,1
7080-tnuwp,0.763681592039801,1,5,0,1,0,0
8949-jtmay,0.799502487562189,0,2,0,1,1,1
0654-hmshn,0.8572139303482588,0,1,0,1,1,1
2725-kxxwt,0.7213930348258706,0,0,0,1,1,1
2439-qkjul,0.019900497512437804,0,0,1,2,0,0
1935-imvbb,0.7109452736318408,0,4,0,1,0,0
4628-wqcqq,0.6656716417910448,1,2,0,1,1,0
3724-bscvh,0.021890547263681587,1,0,1,2,0,0
7605-bdwdc,0.3144278606965174,2,2,2,0,0,0
7137-rylpp,0.6711442786069651,0,3,0,1,1,0
3207-oybwh,0.7661691542288557,0,4,0,1,1,0
4707-ynoqa,0.07313432835820893,1,2,1,2,0,0
6956-smucm,0.8034825870646766,0,0,2,1,1,1
8714-ctzjw,0.6427860696517412,0,0,0,1,0,1
3662-fxjfo,0.02238805970149252,2,4,1,2,0,0
7623-hkyrk,0.014427860696517386,0,0,1,2,0,0
1353-ghzos,0.4129353233830846,1,1,2,0,0,0
3323-cpbwr,0.782587064676617,0,1,0,1,0,1
6152-onasv,0.3980099502487562,1,5,2,0,0,0
9251-awqgt,0.01741293532338306,2,3,1,2,0,0
4803-lbypn,0.025373134328358193,0,2,1,2,0,0
8879-zkjof,0.6129353233830845,1,3,2,0,0,0
7354-oijlx,0.5731343283582089,0,0,0,1,0,1
9129-uxerg,0.8492537313432834,0,1,0,1,0,1
5302-bdjnt,0.7686567164179104,0,2,0,1,0,0
7148-xzpha,0.6084577114427862,0,4,0,1,0,0
2651-zcbxv,0.8930348258706468,2,4,2,1,0,0
1304-necvq,0.6,0,0,0,1,1,1
3374-ttztk,0.8761194029850746,2,4,2,1,0,0
0229-lfjaf,0.5114427860696518,2,5,2,0,0,0
1304-bccfo,0.5154228855721392,0,0,0,0,0,1
0455-xfass,0.5104477611940298,0,0,0,1,0,1
0221-wmxnq,0.5681592039800994,0,0,2,1,0,0
2882-wdtba,0.572139303482587,2,5,2,0,0,0
8069-rhuxk,0.1736318407960199,2,5,2,0,0,0
4806-kexqr,0.6134328358208956,0,0,0,1,1,1
2817-ntqdo,0.2716417910447761,0,1,2,0,1,0
3230-iualn,0.6243781094527363,2,3,2,0,0,0
6500-jvegc,0.8268656716417909,1,5,2,1,0,0
7103-zgvnt,0.5517412935323384,1,5,2,0,0,0
1837-yquce,0.39900497512437816,2,5,2,0,0,0
4800-vhzki,0.01641791044776117,0,0,1,2,1,0
3887-pbqao,0.07611940298507458,1,3,1,2,0,0
5177-rvznu,0.020398009950248763,1,3,1,2,0,0
1729-vlazj,0.21890547263681592,1,0,2,0,0,0
4273-mbhya,0.707462686567164,0,0,0,1,0,1
8690-upczi,0.5054726368159204,1,2,2,0,0,0
6374-ntqlp,0.854228855721393,2,5,2,1,0,0
1618-cfhme,0.5736318407960199,0,0,0,1,1,1
4104-pvrps,0.3517412935323383,0,1,2,0,0,0
4210-qfjmf,0.6059701492537314,0,0,0,1,1,1
5787-kxgiy,0.010447761194029848,2,5,1,2,0,0
3088-lhefh,0.6044776119402985,0,0,2,1,0,0
8896-razcr,0.01641791044776117,2,3,1,2,0,0
7268-wntcp,0.021890547263681587,2,5,1,2,0,0
5854-ksrbj,0.07114427860696515,2,5,1,2,0,0
9907-swkkf,0.06766169154228854,0,0,0,0,1,1
3932-cmdtd,0.8696517412935324,1,0,0,1,1,0
5277-zloor,0.6696517412935323,0,0,0,1,1,1
2746-dijlo,0.3786069651741293,1,3,0,0,0,0
9174-fkwze,0.011940298507462671,0,0,1,2,1,0
9919-fzded,0.6552238805970149,2,5,2,0,0,0
9488-fyqau,0.9054726368159204,2,5,0,1,0,0
6869-fgjjc,0.6104477611940298,1,5,0,1,0,0
3349-anqnh,0.808457711442786,1,4,0,1,0,0
0222-cnvpt,0.3039800995024875,0,4,2,0,0,0
6900-pxrms,0.8706467661691543,0,2,0,1,1,1
0230-wequw,0.381592039800995,2,5,2,0,0,0
7629-wfglw,0.7701492537313434,1,4,2,1,0,0
2235-ezaik,0.6064676616915423,2,5,2,0,0,0
5119-nzptv,0.5159203980099502,0,0,0,1,0,1
4282-msacw,0.9845771144278607,1,5,2,1,0,0
7711-yijwc,0.6631840796019901,1,5,2,0,0,0
8749-cljxc,0.01791044776119402,0,0,1,2,0,0
7636-xuhww,0.01641791044776117,0,0,1,2,0,0
0883-eibti,0.01243781094527363,0,0,1,2,1,0
4098-naukp,0.6606965174129353,0,5,0,1,0,0
0701-tjsef,0.49751243781094523,0,0,2,0,0,0
0689-nkylf,0.6462686567164179,0,1,0,1,1,0
9867-nnxlc,0.01791044776119402,0,1,1,2,0,0
9337-srrni,0.07014925373134329,2,5,1,2,0,0
1850-akqep,0.020895522388059695,0,0,1,2,0,0
5600-ktxfm,0.5144278606965175,0,0,0,1,0,1
7055-hneoj,0.37363184079601985,0,0,0,0,0,0
2462-xiijb,0.7388059701492538,0,0,0,1,1,1
7277-kamwt,0.01741293532338306,2,1,1,2,0,0
7691-kgkgp,0.46517412935323377,0,4,0,0,0,0
7808-dvwep,0.01741293532338306,0,0,1,2,0,0
2379-gyflq,0.7626865671641792,1,3,0,1,0,0
7325-enzfi,0.2194029850746268,1,3,2,0,0,0
8800-zkrfw,0.8880597014925372,0,2,0,1,0,1
9133-ayjzg,0.800497512437811,0,1,0,1,0,1
6772-wfqrd,0.021393034825870627,1,3,1,2,0,0
9670-bpnxf,0.44079601990049744,1,3,2,0,0,0
2675-ijrgj,0.013930348258706454,2,4,1,2,0,0
4829-zljtk,0.9368159203980099,2,5,2,1,0,0
9950-mtgyx,0.020398009950248763,2,2,1,2,0,0
9755-jhnmn,0.4890547263681593,2,4,2,0,0,0
3746-eubyr,0.5606965174129352,0,0,0,1,1,1
7929-dmbcv,0.6243781094527363,0,1,0,1,0,0
9640-zsldc,0.42139303482587065,1,4,0,0,0,0
7197-vojmm,0.5069651741293533,2,5,2,0,0,0
2696-nartr,0.553233830845771,0,0,0,1,1,1
0689-dsxgl,0.672139303482587,0,4,0,1,0,0
7294-tmaop,0.7194029850746269,0,0,0,1,1,1
6177-pevra,0.37064676616915426,2,3,2,0,0,0
7410-ytjik,0.5691542288557214,0,0,0,1,1,1
1410-rscmr,0.5283582089552238,0,0,2,0,0,0
8800-joocf,0.6547263681592039,0,0,0,1,0,1
4526-exkkn,0.06318407960199005,2,3,1,2,0,0
0813-taxxs,0.5925373134328358,2,4,0,0,0,0
2320-tzrrh,0.01243781094527363,1,1,1,2,0,0
0841-nulxi,0.17213930348258705,0,0,0,0,1,1
2725-ttriq,0.6562189054726368,2,5,2,0,0,0
4778-izarl,0.9139303482587063,2,5,2,1,0,0
2535-pbcgc,0.46069651741293527,2,5,2,0,0,0
3629-weaam,0.45621890547263677,0,0,0,0,0,0
6128-czomy,0.27263681592039796,0,0,0,0,1,1
9227-uaqft,0.014925373134328346,2,1,1,2,0,0
0804-xbfbv,0.06915422885572137,0,0,0,0,0,1
4503-bdxbd,0.564179104477612,0,0,0,1,1,1
9626-vfrgg,0.6990049751243781,0,3,0,1,0,0
4994-obrsz,0.5756218905472636,2,1,2,0,0,0
3654-armgp,0.700497512437811,2,5,0,0,0,0
0829-xxplx,0.7079601990049752,0,1,2,1,0,0
8938-umkpi,0.8771144278606965,0,3,0,1,1,1
4854-ssltn,0.4104477611940298,2,0,2,0,0,0
9720-jjjor,0.41840796019900495,1,3,2,0,0,0
1926-quznn,0.06965174129353235,2,5,1,2,0,0
4900-msomt,0.6164179104477612,2,5,2,0,0,0
8910-ichiu,0.7701492537313434,1,3,2,1,0,0
4892-vlanz,0.015422885572139305,0,0,1,2,1,0
0076-lveps,0.26616915422885573,0,2,2,0,0,0
1666-jxlku,0.8139303482587064,0,3,0,1,0,1
4003-fushp,0.4308457711442786,0,1,0,0,0,0
7696-amhod,0.5945273631840796,1,4,0,0,0,0
8082-ghxop,0.2562189054726368,0,1,0,0,0,0
5445-glvot,0.3139303482587064,0,1,2,0,0,0
5195-kpunq,0.7810945273631841,1,4,2,1,0,0
3948-xhgna,0.3114427860696517,0,1,2,0,1,0
9624-egdeq,0.015422885572139305,2,3,1,2,0,0
7551-dacsp,0.3686567164179104,0,0,0,0,1,0
8128-yvjrg,0.6109452736318408,0,0,2,1,1,0
1038-zagbi,0.015422885572139305,1,0,1,2,1,0
9153-btbvv,0.06716417910447761,2,5,1,2,0,0
9470-rtwdv,0.6343283582089552,1,2,0,0,0,0
7554-akdqf,0.27263681592039796,0,0,0,0,0,1
7241-ajhfs,0.690547263681592,0,2,2,1,0,0
9633-denpu,0.4014925373134328,0,3,0,0,0,0
5480-xtffl,0.027363184079601977,2,2,1,2,0,0
7803-xoccz,0.6547263681592039,0,4,2,1,0,0
6549-btypg,0.4233830845771144,2,4,0,0,0,0
9114-aafqh,0.4716417910447761,1,3,0,0,0,0
3572-uuhrs,0.005970149253731349,1,3,1,2,0,0
7666-wkron,0.618905472636816,2,3,0,1,1,0
5192-ebgov,0.6711442786069651,0,0,0,1,1,1
6502-mjqae,0.5109452736318407,0,0,0,1,1,1
6400-bwqkw,0.6049751243781094,0,0,2,1,1,0
5928-qldhb,0.5771144278606964,0,0,0,1,0,1
4376-kfvrs,0.9532338308457712,2,5,2,1,0,0
3528-hfriq,0.33880597014925373,0,5,0,0,0,0
2718-yskcs,0.013432835820895522,2,5,1,2,0,0
2434-eevdb,0.7597014925373133,2,5,2,1,0,0
6506-eycnh,0.012935323383084563,0,2,1,2,0,0
3396-dkdel,0.9641791044776119,2,5,2,1,0,0
3269-atywd,0.7701492537313434,0,3,0,1,1,0
1159-wfsgr,0.021393034825870627,0,1,1,2,0,0
9835-ziitk,0.9213930348258706,1,5,0,1,1,0
9279-cjeoj,0.7676616915422886,0,1,0,1,0,1
4720-vstsi,0.6621890547263681,0,3,0,1,1,0
1360-jyxkq,0.8044776119402984,1,4,0,1,0,0
8388-fynpz,0.3830845771144279,0,0,2,0,0,0
7868-tmwmz,0.9129353233830845,2,4,2,1,0,0
3466-ritxd,0.7378109452736319,0,2,2,1,0,0
6427-fefig,0.6004975124378109,2,1,2,0,0,0
6518-pplmz,0.011442786069651711,2,4,1,2,0,0
6762-nsodu,0.011442786069651711,2,3,1,2,0,0
4355-cvpvs,0.7029850746268657,1,4,0,1,0,0
7629-wixzf,0.40646766169154225,1,0,2,0,0,0
3049-ndxfl,0.672139303482587,0,0,0,1,1,1
3566-hjgpk,0.2716417910447761,0,0,0,0,0,1
1460-uzprj,0.01691542288557213,2,4,1,2,0,0
3712-pkxza,0.02288557213930348,1,5,1,2,0,0
1623-nldot,0.15223880597014922,1,3,0,0,1,0
5171-eplkn,0.015920398009950265,2,2,1,2,0,0
5569-kgjhx,0.6676616915422885,0,0,0,1,1,1
7463-ifmqu,0.01791044776119402,2,5,1,2,0,0
3178-cifot,0.013930348258706454,1,1,1,2,0,0
1095-judtc,0.7641791044776118,0,3,0,1,1,0
3719-tdvqb,0.006965174129353213,2,4,1,2,0,0
4929-xihvw,0.7686567164179104,0,0,0,1,0,1
8106-gwqok,0.41542288557213924,2,3,2,0,0,0
4128-etesu,0.8104477611940298,0,3,0,1,0,1
0661-wcqnq,0.37810945273631835,1,1,2,0,0,0
4927-wwooz,0.7283582089552239,0,0,0,1,0,1
7564-ghcvb,0.6049751243781094,2,5,2,1,0,0
3445-hxxgf,0.2691542288557213,0,4,0,0,1,0
6670-mfrpk,0.6064676616915423,2,5,0,1,0,0
6890-pfrqx,0.5099502487562189,0,1,2,0,0,0
1552-czcll,0.01741293532338306,0,4,1,2,0,0
2014-mkgmh,0.8243781094527362,1,3,0,1,0,0
0303-wmmrn,0.009950248756218888,0,0,1,2,0,0
3806-dxqom,0.15323383084577114,0,0,2,0,1,0
1724-bquha,0.708955223880597,0,0,0,1,1,1
2580-atzsq,0.42885572139303485,1,5,2,0,0,0
7945-prbvf,0.031840796019900475,2,2,1,2,0,0
3898-guyts,0.7840796019900497,0,3,2,1,0,0
2832-scuco,0.01641791044776117,0,0,1,2,0,0
9779-dpnej,0.6159203980099502,0,1,0,1,0,0
4915-bfsxl,0.5044776119402985,2,5,2,0,0,0
5018-lxqqg,0.47810945273631833,0,2,2,0,0,0
1698-xfzci,0.890547263681592,1,5,2,1,0,0
1872-ebwsc,0.020895522388059695,1,2,1,2,0,0
4446-bzkhu,0.8686567164179103,0,5,0,1,1,0
4607-chpca,0.7179104477611941,1,2,0,1,1,0
9475-nndgc,0.9442786069651742,1,5,0,1,0,0
3841-conlj,0.16666666666666663,0,0,0,0,0,1
2294-dmmus,0.5194029850746269,0,5,0,0,0,0
5921-ngyrh,0.5502487562189055,0,5,2,1,0,0
1897-okvmw,0.7199004975124377,2,5,2,0,0,0
5117-ifgps,0.6572139303482587,0,2,0,1,0,0
3866-mdtub,0.5223880597014925,0,0,2,0,1,0
1194-spvsp,0.013930348258706454,0,0,1,2,0,0
6905-niqin,0.32238805970149254,0,0,0,0,1,0
6813-gzqcg,0.06368159203980098,2,3,1,2,0,0
9896-uymie,0.9557213930348257,1,5,2,1,0,0
8849-gyokr,0.8786069651741294,1,4,2,1,1,0
5816-jmlgy,0.618407960199005,2,5,0,0,0,0
3990-qykbe,0.7388059701492538,0,3,0,1,1,0
6161-uuuta,0.6134328358208956,0,0,0,1,1,1
0396-ukgai,0.3686567164179104,0,1,0,0,0,0
0512-flfdw,0.818407960199005,1,4,0,1,0,0
2946-kiqsp,0.15124378109452735,0,2,0,0,0,0
0187-wznab,0.5587064676616916,0,2,2,1,0,0
6867-acczi,0.34079601990049746,2,1,2,0,0,0
7024-ohcck,0.7522388059701491,0,0,0,1,1,1
6481-ogdoo,0.7199004975124377,1,5,2,1,1,0
7377-dmmri,0.29402985074626864,0,0,2,0,1,0
1963-vaukv,0.021393034825870627,0,0,1,2,1,0
5919-tmrgd,0.607960199004975,0,0,0,1,1,1
6994-orcwg,0.35820895522388063,1,1,0,0,0,0
5144-tvglp,0.7611940298507462,0,3,0,1,0,0
0328-grpmv,0.5159203980099502,0,0,0,1,1,1
2905-kfquv,0.518905472636816,0,0,0,1,0,1
8637-xjivr,0.6039800995024875,0,0,2,1,1,0
5150-ljnsr,0.7940298507462686,1,2,2,1,0,0
4826-dxmup,0.535820895522388,1,2,0,0,0,0
3518-fstwg,0.908457711442786,2,5,2,1,0,0
2929-ercfz,0.7557213930348259,0,0,0,1,1,1
1455-ugqvh,0.7985074626865671,0,0,0,1,1,1
8485-gjcdn,0.5054726368159204,0,0,0,1,1,1
0459-spzhj,0.6492537313432836,2,5,2,0,0,0
2169-rrlfw,0.07313432835820893,2,5,1,2,0,0
8818-dopvl,0.8577114427860696,0,3,0,1,0,0
1207-blksa,0.04776119402985074,2,4,1,2,0,0
7593-xfkdi,0.27910447761194024,0,0,0,0,1,1
5393-rxqsz,0.6104477611940298,0,0,0,1,1,1
5183-klyem,0.9402985074626865,2,5,2,1,0,0
0923-pnfub,0.6517412935323383,0,0,0,1,1,1
4134-bsxlx,0.42437810945273624,0,2,2,0,0,0
1452-xrsjv,0.3263681592039801,0,3,2,0,0,0
4213-hkbjo,0.07412935323383085,2,2,1,2,0,0
7750-eyxwz,0.4218905472636816,1,0,0,0,0,0
7180-pisog,0.5597014925373134,0,0,0,1,1,1
1356-mkysk,0.600995024875622,0,0,2,0,0,0
1212-glhmd,0.6746268656716418,0,0,2,1,0,0
7228-omtpn,0.6985074626865672,0,0,0,1,1,1
7682-azndk,0.7124378109452736,0,2,0,1,0,0
6286-suuwt,0.01691542288557213,0,0,1,2,0,0
3500-rmzlt,0.7766169154228855,0,1,2,1,1,0
4729-xkasr,0.06467661691542287,0,0,0,0,1,1
8364-trmmk,0.32238805970149254,0,0,0,0,1,0
1000-ajsld,0.01840796019900498,0,0,1,2,1,0
4393-obcrr,0.019900497512437804,1,0,1,2,0,0
0942-kowsm,0.6223880597014925,2,2,0,0,0,0
0870-vemyl,0.35422885572139307,0,0,2,0,1,0
3454-jfubc,0.01741293532338306,2,5,1,2,0,0
2592-ykdif,0.020895522388059695,0,0,1,2,0,0
6941-pmgep,0.6144278606965173,0,0,0,1,1,1
0511-jteoy,0.5258706467661691,0,0,0,1,1,1
4323-elyyb,0.01741293532338306,1,1,1,2,0,0
9500-ltvbp,0.6149253731343283,0,2,0,1,0,0
8120-jdcam,0.5104477611940298,0,0,0,1,0,1
1335-ntiuc,0.06666666666666665,0,0,0,0,0,1
6563-vnpmn,0.6711442786069651,0,3,2,1,0,0
0668-ogmhd,0.10199004975124376,0,1,2,0,0,0
0311-unpff,0.7019900497512437,0,2,0,1,1,0
9282-izgqk,0.664179104477612,0,0,0,1,1,1
4695-wjzue,0.699502487562189,0,0,0,1,1,1
5527-achso,0.5199004975124378,0,0,0,0,0,1
5140-fomcq,0.9044776119402985,1,4,2,1,0,0
0410-ipfty,0.6527363184079601,0,2,0,1,0,0
1333-pbmxb,0.06467661691542287,1,4,1,2,0,0
1915-oakwd,0.010447761194029848,1,1,1,2,0,0
5707-orndz,0.3611940298507462,0,0,2,0,1,0
7969-aulmz,0.7870646766169154,0,1,0,1,1,1
2700-lueva,0.02487562189054726,0,0,1,2,0,0
9099-ftuhs,0.3597014925373134,0,1,2,0,0,0
8699-asufo,0.5587064676616916,0,0,0,1,1,1
7181-oqcut,0.8517412935323382,0,1,2,1,0,1
3096-yxenj,0.8895522388059701,2,5,0,1,0,0
2495-inzwq,0.2616915422885572,0,0,0,0,1,0
2193-sfwqw,0.9323383084577114,2,5,2,1,0,0
3908-mkimj,0.23582089552238805,2,5,2,0,0,0
6736-dhuqi,0.6621890547263681,1,5,2,1,0,0
2868-mzagq,0.6069651741293532,0,0,0,1,1,1
8905-iazpf,0.7701492537313434,1,5,0,1,0,0
1215-figmp,0.7129353233830846,0,4,0,1,0,0
0772-gyeqq,0.6975124378109452,0,0,0,1,1,1
9995-hotoh,0.4054726368159204,2,5,2,0,0,0
7579-kkloe,0.7263681592039801,2,5,2,0,0,0
3594-uvona,0.6736318407960199,1,2,2,0,1,0
6641-xrpsu,0.5149253731343283,0,2,0,1,1,0
5707-zmdjp,0.5119402985074627,2,4,2,0,0,0
3307-tlcud,0.16069651741293528,0,1,2,0,0,0
4797-axpxk,0.41542288557213924,0,0,2,0,1,0
4869-epius,0.6233830845771144,1,4,0,1,0,0
8563-iioxk,0.3134328358208955,1,0,2,0,1,0
2773-ovbpk,0.9258706467661691,2,5,0,1,0,0
1353-ljwem,0.42437810945273624,0,0,0,0,0,0
5868-ytyks,0.019900497512437804,0,0,1,2,0,0
8713-igzso,0.06567164179104479,0,0,1,2,0,0
6050-ffxes,0.8666666666666666,2,5,0,1,0,0
9300-rendd,0.6139303482587065,0,0,0,1,1,1
4183-myfrb,0.7144278606965173,0,1,0,1,0,0
3339-eaqnv,0.7860696517412935,1,5,0,1,0,0
2545-ebupk,0.6547263681592039,0,0,0,1,0,1
4990-aldgw,0.02487562189054726,2,4,1,2,0,0
0970-etwge,0.7094527363184079,0,0,0,1,1,1
3671-shrsp,0.6203980099502486,0,0,0,1,1,1
2308-sterm,0.011442786069651711,0,0,1,2,0,0
1219-nnddo,0.5830845771144277,0,0,0,1,0,1
3508-cfvzl,0.9258706467661691,2,5,2,1,0,0
3387-plkui,0.00547263681592039,0,1,1,2,0,0
9702-aiujo,0.2641791044776119,1,4,0,0,0,0
8337-upoaq,0.7119402985074627,0,0,0,1,1,1
1728-cxqbe,0.7562189054726368,0,5,0,1,0,0
5134-ikday,0.5129353233830846,0,0,0,1,1,1
9638-jiqya,0.06616915422885569,0,0,0,0,0,1
6647-zedxt,0.9174129353233832,1,2,0,1,0,0
1579-klydt,0.718407960199005,0,0,0,1,1,1
3985-hoypm,0.011442786069651711,1,2,1,2,0,0
6705-lnmdd,0.31592039800995025,0,1,0,0,0,0
6917-fijhc,0.0771144278606965,2,5,1,2,0,0
4640-uhdos,0.37512437810945276,0,1,0,0,1,0
1414-yadcw,0.6601990049751243,2,5,2,1,0,0
5960-mvtuk,0.11442786069651739,0,0,0,0,0,0
0637-kvdlv,0.5796019900497512,0,0,0,1,1,1
5451-yhypw,0.9701492537313433,2,5,2,1,0,0
5813-uecbu,0.6527363184079601,0,2,0,1,1,0
9947-otfqu,0.5587064676616916,0,1,0,1,1,0
1816-flzdk,0.10845771144278604,0,0,0,0,0,0
3005-nfmta,0.8014925373134327,0,4,2,1,1,0
4710-nkcaw,0.4592039800995025,0,0,2,0,0,0
4290-bsxux,0.6109452736318408,0,0,0,1,1,1
6266-qhojz,0.7124378109452736,1,5,2,1,0,0
6047-suhpr,0.4134328358208955,1,3,2,0,0,0
6010-ddppw,0.06865671641791044,2,5,1,2,0,0
4374-ymusq,0.9751243781094526,1,2,2,1,0,0
1958-rnrks,0.31492537313432833,0,2,0,0,0,0
7176-wionm,0.3144278606965174,0,0,0,0,0,0
9483-gcpwe,0.01840796019900498,1,0,1,2,0,0
1264-fuhcx,0.3786069651741293,1,4,0,0,0,0
8887-ipqnc,0.25870646766169153,0,0,0,0,0,0
2921-xwdjh,0.6487562189054726,0,3,2,1,0,0
5574-nxziu,0.9049751243781096,2,5,2,1,0,0
8644-xlfbw,0.5313432835820896,0,0,0,1,1,1
4811-jbuvu,0.7129353233830846,0,2,0,1,0,0
8970-anwxo,0.5522388059701492,1,1,0,0,0,0
0602-dduml,0.5124378109452736,2,4,0,0,0,0
5671-rqrlp,0.5711442786069653,2,5,0,1,0,0
9959-wofkt,0.8800995024875623,2,5,2,1,0,0
1208-nbvfh,0.3119402985074627,0,1,0,0,0,0
6976-bwglq,0.06915422885572137,2,5,1,2,0,0
2178-pmgcj,0.5119402985074627,0,1,0,1,0,0
7610-tvopg,0.08059701492537313,0,1,1,2,0,0
7240-etptr,0.3034825870646766,0,0,0,0,1,1
6518-lgaov,0.86318407960199,0,3,0,1,1,0
2826-dxlqo,0.11492537313432838,0,0,2,0,0,0
5949-hgvjl,0.545273631840796,0,2,0,0,0,0
3489-vsfrd,0.417910447761194,1,4,2,0,0,0
2812-reyat,0.01791044776119402,1,4,1,2,0,0
9633-xqabv,0.5174129353233831,0,0,0,1,0,1
4102-oqupx,0.5587064676616916,0,0,0,1,1,1
2900-phpln,0.012935323383084563,2,5,1,2,0,0
9894-qmimj,0.37363184079601985,1,1,0,0,0,0
7596-zywbb,0.4114427860696518,2,5,2,0,0,0
5440-flbqg,0.8970149253731344,2,5,0,1,1,0
3063-qfszl,0.3696517412935323,0,0,0,0,1,0
4873-ilolj,0.717412935323383,0,1,0,1,1,0
3003-cmduu,0.7651741293532338,0,2,0,1,0,0
7279-nmvjc,0.01641791044776117,1,1,1,2,0,0
6478-hrrcz,0.5199004975124378,1,2,2,0,0,0
3678-mngzx,0.01691542288557213,2,5,1,2,0,0
5902-wblse,0.018905472636815884,2,5,1,2,0,0
7722-cvfxn,0.8651741293532339,1,4,0,1,0,0
2223-kagmx,0.011442786069651711,0,1,1,2,1,0
9803-ftjcg,0.4835820895522387,1,5,2,0,0,0
6060-qbmgv,0.015920398009950265,2,5,1,2,0,0
2858-eimxh,0.772139303482587,1,4,0,1,0,0
4741-wwjqz,0.6159203980099502,0,0,2,1,0,0
9845-peeko,0.6064676616915423,2,4,0,1,0,0
9167-apmxz,0.6557213930348259,0,1,0,1,0,1
9800-ontfe,0.572636815920398,0,1,0,1,0,0
3621-chyvb,0.31492537313432833,0,4,2,0,0,0
3177-lasxd,0.5283582089552238,0,0,0,1,1,1
1465-vindh,0.8343283582089552,0,0,0,1,1,1
2055-sifss,0.3323383084577114,0,4,0,0,0,0
0804-ygeqv,0.061691542288557194,1,3,1,2,0,0
3346-brmis,0.29950248756218906,0,1,0,0,1,0
3130-icdup,0.6199004975124378,0,0,2,1,0,0
0732-ocqoc,0.06766169154228854,2,4,1,2,0,0
4012-ycfai,0.42885572139303485,2,4,2,0,0,0
7346-medwm,0.6467661691542288,0,4,0,1,0,0
7036-tydec,0.8532338308457711,2,5,0,1,0,0
6615-nggzj,0.8189054726368158,0,1,0,1,1,1
3441-cgzjh,0.4194029850746268,1,3,2,0,0,0
0208-bpqej,0.011442786069651711,0,0,1,2,0,0
2229-dpmbi,0.01243781094527363,2,0,1,2,0,0
7159-fvypk,0.5064676616915423,0,0,0,0,0,0
7544-zvikx,0.863681592039801,1,4,0,1,0,0
6366-xivkz,0.44676616915422884,0,1,2,0,0,0
7137-naxml,0.018905472636815884,1,1,1,2,0,0
7126-rbhsd,0.6034825870646766,0,1,2,1,0,0
1428-iedpr,0.9059701492537312,2,4,2,1,0,0
9465-rwmxl,0.6034825870646766,0,2,0,1,1,0
2908-ztpnf,0.16517412935323383,0,2,0,0,0,0
4176-reljr,0.0681592039800995,2,5,1,2,0,0
3001-unbtl,0.8527363184079603,0,2,0,1,0,1
6067-ngceu,0.9233830845771144,0,5,2,1,0,0
2479-bramr,0.6517412935323383,0,3,2,1,1,0
3161-onrwk,0.47363184079601983,1,4,2,0,0,0
6349-jdhqp,0.015920398009950265,2,4,1,2,0,0
1619-ywubb,0.06666666666666665,2,5,1,2,0,0
2761-ociax,0.5616915422885572,0,0,0,1,1,1
2683-jxwqq,0.1527363184079602,0,5,2,0,0,0
9585-kkmfd,0.01741293532338306,2,3,1,2,0,0
7524-vrlpl,0.5557213930348258,2,5,2,0,0,0
3780-ddgse,0.5751243781094527,0,2,0,0,0,0
2207-obznx,0.32587064676616917,0,0,2,0,1,0
0023-uyupn,0.06915422885572137,1,4,1,2,0,0
5975-baicr,0.4522388059701493,1,2,2,0,0,0
2669-oidsd,0.8139303482587064,0,3,0,1,0,1
8146-qqkzh,0.6328358208955223,2,5,2,0,0,0
2307-fynnl,0.9034825870646767,2,5,2,1,0,0
2985-fmwyf,0.7487562189054726,0,1,0,1,0,0
5387-asznz,0.4537313432835821,1,5,2,0,0,0
5349-azpew,0.06766169154228854,0,0,0,0,0,1
9481-iebzy,0.9417910447761194,0,5,2,1,0,0
9818-xqcuv,0.020895522388059695,0,0,1,2,0,0
3750-rnqkr,0.011940298507462671,0,0,1,2,0,0
5442-utcvd,0.7323383084577114,0,0,0,1,1,1
3649-jpugy,0.7,2,5,0,0,0,0
2195-vvrjf,0.40646766169154225,0,1,2,0,0,0
1271-uodno,0.35422885572139307,2,3,0,0,0,0
0118-jpnoy,0.672139303482587,0,2,2,1,0,0
9499-xpzxm,0.4626865671641791,2,5,2,0,0,0
7343-eobeu,0.05323383084577116,0,0,1,2,0,0
3877-jrjip,0.41393034825870645,0,0,0,0,1,0
5498-txhlf,0.6885572139303483,0,2,0,1,1,0
3969-gyxel,0.5786069651741294,0,0,2,1,0,0
5730-dbdsi,0.014427860696517386,2,5,1,2,0,0
2868-snelz,0.6203980099502486,0,0,0,1,1,1
7797-ejmdp,0.47562189054726367,0,0,2,0,0,0
4067-hlyqi,0.518905472636816,0,2,0,1,0,0
4231-lzuym,0.07363184079601987,2,5,1,2,0,0
3638-weabw,0.4144278606965174,2,4,0,0,0,0
5060-tquqn,0.6497512437810945,0,2,0,1,0,0
7802-efkny,0.06666666666666665,0,0,0,0,1,1
7576-jmywv,0.9149253731343284,0,3,2,1,0,0
3496-lfszu,0.5199004975124378,0,0,0,1,0,1
4795-wrnvt,0.46616915422885563,0,3,2,0,0,0
3938-yfpxd,0.6572139303482587,2,5,2,0,0,0
6651-azvtj,0.8114427860696517,0,4,0,1,1,0
3658-kibgf,0.36467661691542286,0,0,2,0,1,0
4143-hhpmk,0.6676616915422885,0,4,0,1,1,0
4821-wqoyn,0.01840796019900498,2,5,1,2,0,0
4291-hyebc,0.20746268656716416,1,2,0,0,0,0
8849-ayptr,0.7263681592039801,0,2,0,1,0,0
3898-bsjyf,0.5502487562189055,1,0,2,0,0,0
7562-gsuhk,0.745771144278607,0,1,0,1,1,0
3523-qrqll,0.5099502487562189,1,1,0,0,1,0
9661-jalzv,0.06417910447761191,2,4,1,2,0,0
4670-tabxh,0.9104477611940299,2,5,0,1,0,0
7966-yotqw,0.3606965174129353,0,0,2,0,0,0
3694-gltjm,0.013930348258706454,0,0,1,2,0,0
8835-vsdse,0.5218905472636816,0,0,0,1,1,1
3721-cneys,0.5243781094527363,0,0,0,1,1,1
9667-tktvz,0.3592039800995025,0,0,0,0,0,0
2927-cvult,0.8537313432835821,2,4,2,1,0,0
6595-ygxit,0.7034825870646766,0,2,0,1,1,0
0864-fvjnj,0.9462686567164179,1,5,2,1,0,0
4537-dktal,0.2716417910447761,0,0,0,0,0,1
3466-waesx,0.5059701492537313,0,1,2,0,0,0
2483-xssmz,0.2945273631840796,1,3,2,0,0,0
4163-kiuhy,0.07313432835820893,0,2,1,2,0,0
8486-ayeqh,0.5751243781094527,0,2,0,1,0,0
0516-wjvxc,0.3577114427860697,0,0,2,0,1,0
5304-efjlp,0.9293532338308458,2,5,0,1,0,0
4137-btikl,0.7213930348258706,0,0,2,1,0,0
2863-imqdr,0.7104477611940299,2,5,2,0,0,0
2930-uotmb,0.46766169154228854,0,2,2,0,1,0
5673-tiyib,0.22039800995024872,0,0,0,0,1,1
3645-deygf,0.02487562189054726,0,0,1,2,0,0
1099-godlo,0.020895522388059695,2,0,1,2,0,0
1955-ibmmb,0.019402985074626844,2,4,1,2,0,0
6857-vwjdt,0.7701492537313434,0,0,0,1,1,1
6410-lefen,0.2676616915422885,0,0,0,0,1,1
6692-udpjc,0.7303482587064677,0,1,0,1,1,0
7858-gtzsp,0.6796019900497512,0,0,0,1,0,1
5232-nxpay,0.5592039800995025,2,3,0,0,0,0
1355-kusbg,0.3039800995024875,0,0,0,0,0,1
1174-fgifn,0.718407960199005,1,2,0,1,0,0
8750-qwzaj,0.015422885572139305,2,5,1,2,0,0
7850-thjmu,0.013930348258706454,2,2,1,2,0,0
0310-mvlet,0.8049751243781095,0,5,0,1,1,0
2623-dryam,0.8308457711442786,1,5,0,1,0,0
1905-oeilc,0.01243781094527363,0,0,1,2,0,0
6899-ppeea,0.7791044776119402,0,3,0,1,1,0
3104-owcgk,0.7233830845771144,1,4,0,1,1,0
5287-qwlky,0.8641791044776118,0,5,2,1,1,0
2603-hvkcg,0.827363184079602,0,2,0,1,0,1
9845-qomad,0.014925373134328346,1,1,1,2,0,0
4816-okwnx,0.8472636815920399,1,4,0,1,0,0
9103-cxvok,0.014925373134328346,0,0,1,2,0,0
2845-afftx,0.8114427860696517,0,3,0,1,1,1
7776-qwnfx,0.31990049751243776,0,2,0,0,1,0
1468-defnc,0.061194029850746234,2,5,1,2,0,0
7905-njmxs,0.45721393034825875,0,0,2,0,0,0
1866-obpnr,0.5606965174129352,0,0,0,1,0,1
3720-dbrwl,0.6527363184079601,2,4,2,0,0,0
5073-rzgbk,0.6149253731343283,1,4,2,0,0,0
0129-qmpdr,0.02238805970149252,1,3,1,2,0,0
2560-ppche,0.863681592039801,1,5,0,1,0,0
1496-ggsuk,0.07412935323383085,0,0,0,0,1,0
4671-lxrdq,0.26616915422885573,0,0,0,0,1,1
9432-ruvsl,0.8383084577114427,2,3,2,1,0,0
3992-ywpko,0.9119402985074626,0,0,0,1,1,1
8980-wqfwl,0.43631840796019905,0,2,0,0,0,0
0212-isbbf,0.31940298507462683,0,1,0,0,0,0
7722-vjrqd,0.4248756218905473,2,5,2,0,0,0
4135-frwkj,0.5771144278606964,1,4,2,0,0,0
5161-ubzxi,0.8766169154228854,2,5,2,1,0,0
5327-xokky,0.5492537313432836,2,5,0,0,0,0
3988-rqixo,0.726865671641791,0,0,0,1,1,1
0479-hmswa,0.8676616915422884,2,2,0,1,0,0
6923-aqonu,0.026368159203980085,2,1,1,2,0,0
5562-yjqgt,0.020895522388059695,0,0,1,2,0,0
7598-uaasy,0.5786069651741294,0,0,0,1,1,1
7251-ljbqn,0.8507462686567163,1,3,0,1,0,0
4910-gmjot,0.7597014925373133,0,0,0,1,1,1
0257-zesqc,0.5666666666666667,0,2,2,1,1,0
4765-oxppd,0.46517412935323377,0,0,2,0,1,0
6583-qgcsi,0.6945273631840796,0,4,0,1,1,0
9805-filkb,0.019402985074626844,1,3,1,2,0,0
2706-qzihy,0.06915422885572137,2,1,1,2,0,0
7673-lprny,0.6,1,1,2,0,0,0
6778-ysnih,0.4054726368159204,0,0,0,0,0,0
9050-qlroh,0.7208955223880598,0,1,0,1,1,0
0707-hovvn,0.5696517412935324,2,5,0,0,0,0
7102-jjvtx,0.30199004975124377,1,0,2,0,0,0
1810-mvmai,0.4910447761194029,0,2,2,0,0,0
7993-nqlje,0.5656716417910447,0,1,2,1,0,0
9281-ofdmf,0.7208955223880598,0,3,0,1,0,0
6789-hjbwg,0.30995024875621885,0,0,0,0,0,1
2139-fqhlm,0.7134328358208956,0,1,0,1,0,0
3723-bfbgr,0.363681592039801,0,1,0,0,0,0
0639-tsiqw,0.8427860696517412,0,5,2,1,1,0
8626-ptqge,0.4159203980099502,2,5,2,0,0,0
3541-znuhk,0.6651741293532337,0,4,2,1,0,0
4568-knywr,0.4477611940298507,2,4,2,0,0,0
9658-wyufb,0.7577114427860697,0,1,2,1,1,0
0997-ytlny,0.3039800995024875,0,1,0,0,0,0
3208-ypioe,0.5671641791044776,0,3,0,1,1,0
7707-pybbh,0.4343283582089552,0,3,2,0,0,0
9313-qoltz,0.026368159203980085,0,2,1,2,0,0
6654-qgbzz,0.01641791044776117,0,0,1,2,0,0
6877-lgwxo,0.6,0,1,0,1,1,0
8020-bwhyl,0.5676616915422885,0,1,0,1,1,0
3594-ivhjz,0.021890547263681587,0,0,1,2,0,0
9507-exltt,0.607960199004975,0,0,0,1,1,1
9793-wecqc,0.7666666666666666,0,1,0,1,0,1
1266-nzyui,0.4835820895522387,2,5,2,0,0,0
2342-ckiao,0.020398009950248763,0,0,1,2,0,0
6963-ezqee,0.699502487562189,2,5,2,0,0,0
2796-nnufi,0.01691542288557213,2,3,1,2,0,0
3486-npgst,0.012935323383084563,1,2,1,2,0,0
9070-bckqp,0.9144278606965174,2,5,2,1,0,0
7742-mypgi,0.3039800995024875,0,0,0,0,0,1
9929-plvpa,0.021393034825870627,0,0,1,2,0,0
9124-lhcjq,0.6686567164179105,0,0,0,1,1,1
2792-lshwx,0.6482587064676617,0,0,2,1,0,0
9330-ijwio,0.8169154228855721,0,1,2,1,1,0
0617-aqnwt,0.2945273631840796,2,5,2,0,1,0
0895-uadgo,0.2616915422885572,2,0,2,0,0,0
7255-ssfbc,0.9353233830845772,2,5,0,1,0,0
5834-aspwa,0.5691542288557214,0,0,0,1,1,1
4132-kalro,0.8218905472636816,0,0,0,1,0,1
8064-ravoh,0.3144278606965174,0,0,0,0,0,0
8028-pnxhq,0.05970149253731341,2,5,1,2,0,0
9508-ilzdg,0.7771144278606964,0,2,0,1,0,1
4361-jeivl,0.2601990049751243,0,0,0,0,1,0
2430-usgxp,0.8238805970149253,0,1,0,1,1,1
5965-ggprw,0.8656716417910447,2,5,2,1,0,0
2542-hygiq,0.01691542288557213,0,0,1,2,0,0
1035-ipqpu,0.8482587064676618,0,5,0,1,0,0
3617-xlsgq,0.9054726368159204,2,5,2,1,0,0
9107-ukcky,0.6124378109452736,1,5,0,0,0,0
5146-yyfrz,0.01691542288557213,2,5,1,2,0,0
5649-vukmc,0.7686567164179104,1,0,0,1,1,0
3472-oaoor,0.16616915422885575,0,1,2,0,0,0
0397-zxwqf,0.02238805970149252,2,5,1,2,0,0
1346-ufhax,0.6144278606965173,0,1,2,1,0,0
7252-ntgss,0.2676616915422885,0,0,0,0,0,1
3198-velrd,0.6616915422885572,0,0,0,1,1,1
3407-qgwlg,0.01791044776119402,0,0,1,2,0,0
9874-qlclh,0.8552238805970148,0,1,2,1,1,1
8668-knzti,0.3532338308457711,1,4,2,0,0,0
8249-thvec,0.011442786069651711,1,4,1,2,0,0
6060-drtnl,0.6626865671641791,0,0,0,1,1,1
6773-lqtvt,0.1731343283582089,0,2,0,0,0,0
7853-gvudz,0.018905472636815884,0,0,1,2,1,0
4897-qsuyc,0.018905472636815884,0,0,1,2,1,0
5197-pyepu,0.7582089552238807,1,3,2,1,0,0
3785-nrhyr,0.013930348258706454,0,0,1,2,0,0
6087-mvhjh,0.6985074626865672,0,1,0,1,1,0
1685-vayjf,0.2681592039800995,0,0,0,0,0,1
9912-gvseq,0.7522388059701491,0,2,0,1,1,0
4636-olwoe,0.4253731343283582,1,4,0,0,0,0
9600-udopk,0.754228855721393,0,2,0,1,1,0
8631-nbhfz,0.6084577114427862,2,5,2,0,1,0
1053-mxttk,0.899502487562189,2,5,2,1,0,0
3549-ztmnh,0.057213930348258696,2,0,1,2,0,0
7825-ecjrf,0.8791044776119402,0,1,2,1,1,0
6439-lajxl,0.5044776119402985,0,0,2,0,0,0
4075-wkniu,0.5482587064676616,2,6,0,0,0,0
8042-rnlko,0.07164179104477608,1,5,1,2,0,0
4881-jvqod,0.16218905472636813,0,0,0,0,0,1
9593-cvzkr,0.061691542288557194,2,4,1,2,0,0
9972-ewrjs,0.009950248756218888,2,5,1,2,0,0
9888-zcumm,0.4159203980099502,2,5,2,0,0,0
1265-zfosd,0.6273631840796019,2,5,2,0,0,0
6078-vesfr,0.5194029850746269,0,1,0,1,0,0
0306-jaele,0.7746268656716417,0,0,0,1,1,1
7075-bndvq,0.16666666666666663,0,0,2,0,0,0
2208-mpxio,0.01741293532338306,2,3,1,2,0,0
3096-gkweb,0.7611940298507462,0,1,0,1,0,1
7404-jlkqg,0.3910447761194029,0,0,0,0,0,0
5049-glyvg,0.023383084577114438,0,0,1,2,1,0
6704-utukk,0.2751243781094527,0,2,0,0,0,0
9397-tzsha,0.06318407960199005,2,5,1,2,0,0
4686-uxdml,0.8119402985074626,0,1,0,1,0,1
3808-hfkde,0.25970149253731345,0,1,0,0,0,0
3580-hycsp,0.9159203980099503,2,5,2,1,0,0
9795-vowon,0.06069651741293533,1,0,0,0,0,0
2159-turxx,0.01791044776119402,0,0,1,2,0,0
0096-bxers,0.31940298507462683,0,0,0,0,0,0
6507-dtjzv,0.4791044776119403,0,1,0,0,0,0
9962-bfpdu,0.01791044776119402,0,0,1,2,0,0
4587-nukox,0.6054726368159203,0,0,2,1,1,0
4060-ldnlu,0.7756218905472637,0,0,0,1,0,1
2379-enzgv,0.6626865671641791,0,0,0,1,1,1
4877-evatk,0.01741293532338306,0,0,1,2,1,0
9442-jtwdl,0.01791044776119402,1,0,1,2,0,0
2748-myrvk,0.8124378109452737,1,5,0,1,1,0
3966-hrmza,0.5651741293532337,0,0,0,1,0,1
2862-jveoy,0.008955223880596996,1,0,1,2,0,0
9489-dedvp,0.5069651741293533,2,5,2,0,0,0
9469-wejbt,0.717412935323383,0,3,0,1,0,0
2384-ovpsa,0.019402985074626844,2,3,1,2,0,0
2186-qzeya,0.4009950248756219,0,2,2,0,0,0
6202-jvyeu,0.01641791044776117,1,0,1,2,0,0
6419-zttle,0.02487562189054726,1,1,1,2,0,0
1891-uawwu,0.7218905472636815,0,1,0,1,1,0
6963-kqyqb,0.057711442786069655,2,5,1,2,0,0
2521-npuzr,0.8233830845771145,2,5,2,1,0,0
8242-soquo,0.6611940298507463,0,0,0,1,0,1
9823-ealyc,0.6228855721393034,2,5,2,0,0,0
2314-tndjq,0.37213930348258706,2,5,2,0,0,0
9714-edsuc,0.7626865671641792,0,0,2,1,0,1
1383-ezrwl,0.01791044776119402,0,0,1,2,1,0
6617-wlbqc,0.6328358208955223,1,1,2,1,0,0
6652-yffjo,0.464179104477612,0,0,0,0,0,0
1401-fthfq,0.01741293532338306,1,1,1,2,0,0
1803-bgnbd,0.35870646766169145,0,0,0,0,0,0
1470-psxnm,0.7502487562189055,1,4,0,1,0,0
9185-tqcvp,0.6656716417910448,0,1,0,1,1,1
6481-lxpwl,0.17761194029850746,1,4,0,0,0,0
5066-gfjmm,0.01641791044776117,0,0,1,2,0,0
7519-jtwqh,0.917910447761194,2,5,0,1,0,0
9957-yodkz,0.6223880597014925,0,0,0,1,0,1
8430-twcbx,0.024378109452736302,1,4,1,2,0,0
5955-erihd,0.7606965174129353,0,1,0,1,1,1
5186-samnz,0.5099502487562189,0,0,0,1,1,1
5759-rcvcb,0.16865671641791047,0,0,0,0,1,1
0220-ebgce,0.6726368159203979,0,0,0,1,1,1
7427-aufpy,0.013930348258706454,2,4,1,2,0,0
3221-cjmsg,0.32686567164179103,0,1,0,0,0,0
4194-fjarj,0.41542288557213924,2,4,2,0,0,0
8138-ealnd,0.014925373134328346,0,1,1,2,0,0
8345-mvdyc,0.6308457711442786,2,3,2,0,0,0
6119-spudb,0.1990049751243781,2,3,2,0,0,0
1202-kkgfu,0.3577114427860697,0,0,2,0,0,0
6556-dbkzf,0.5751243781094527,2,5,0,1,0,0
6339-dklmk,0.1333333333333333,0,1,0,0,0,0
1977-stdki,0.5447761194029851,0,0,0,1,1,1
4001-tsbtv,0.7293532338308457,0,4,0,1,0,0
7912-syrqt,0.5656716417910447,0,0,0,1,1,1
4779-zgick,0.0527363184079602,2,3,1,2,0,0
0670-anmuu,0.7900497512437811,1,5,2,1,0,0
8735-nblwt,0.021393034825870627,0,0,1,2,0,0
8930-xotdp,0.37512437810945276,0,1,0,0,0,0
6380-arceh,0.019402985074626844,0,0,1,2,0,0
1167-oyzjf,0.01791044776119402,2,5,1,2,0,0
1628-bizyp,0.664179104477612,0,0,0,1,0,1
6284-kmnuf,0.7935323383084577,1,4,2,1,0,0
4676-wluht,0.27810945273631843,2,4,2,0,0,0
2138-vfapz,0.014427860696517386,2,1,1,2,0,0
8648-pfrmp,0.2796019900497512,0,1,0,0,0,0
8097-vbqtz,0.5139303482587065,0,4,2,0,0,0
6087-ypwho,0.49651741293532337,2,5,2,0,0,0
8109-yuohe,0.37661691542288556,1,1,2,0,0,0
3807-xhcjh,0.01741293532338306,0,0,1,2,0,0
0524-iavzo,0.664179104477612,0,2,0,1,1,0
8957-thmoa,0.018905472636815884,2,4,1,2,0,0
7521-yxvzy,0.01691542288557213,0,0,1,2,0,0
7077-xjmet,0.5562189054726369,0,0,0,0,0,1
9625-qstye,0.6258706467661692,0,1,0,1,1,0
7924-gjzfi,0.507960199004975,0,2,0,1,0,0
2034-gdrcn,0.7179104477611941,0,0,0,1,1,1
4186-zbuew,0.5218905472636816,1,2,0,0,0,0
4026-skkhw,0.31840796019900497,0,0,0,0,0,0
8548-awofc,0.4537313432835821,0,5,0,0,0,0
0680-dfnny,0.8243781094527362,0,1,0,1,1,1
7501-iwung,0.5527363184079601,2,5,0,0,0,0
7176-wrtnx,0.9621890547263682,2,5,2,1,0,0
8450-uyibu,0.21492537313432836,0,2,0,0,0,0
1794-hbqtj,0.30199004975124377,0,0,2,0,1,0
1862-qrwpe,0.023880597014925342,2,3,1,2,0,0
2996-xauvf,0.21691542288557208,2,5,0,0,0,0
7145-fejwu,0.8661691542288558,0,0,0,1,0,1
6710-hsjrd,0.953731343283582,0,5,0,1,0,0
7530-hdyds,0.6567164179104478,0,3,0,1,1,0
8042-jvnfh,0.5283582089552238,0,0,0,1,1,1
5127-bzenz,0.4671641791044776,1,4,2,0,0,0
0876-wduuz,0.6681592039800995,0,0,0,1,1,1
0356-erhvt,0.2751243781094527,0,0,0,0,0,1
9912-omzds,0.8746268656716417,1,4,0,1,0,0
2275-rbyqs,0.27014925373134324,0,0,0,0,0,1
0917-ezola,0.854726368159204,2,5,0,1,1,0
2749-ctkaj,0.018905472636815884,1,1,1,2,0,0
5160-uxjed,0.26218905472636816,1,1,0,0,0,0
7244-qwyhg,0.2606965174129353,1,4,2,0,0,0
4226-kkdon,0.4815920398009951,0,0,0,0,0,0
7018-fpxhh,0.4134328358208955,2,4,2,0,0,0
9897-kxhcm,0.617412935323383,0,0,0,1,1,1
1222-kjnzd,0.021393034825870627,0,3,1,2,0,0
2452-kdrrh,0.827363184079602,0,5,0,1,0,0
6892-ezdtg,0.7303482587064677,0,0,0,1,1,1
6980-cdgfc,0.025870646766169153,1,5,1,2,0,0
5071-fbjfs,0.3189054726368159,0,0,2,0,0,0
4018-ppndw,0.05820895522388059,2,5,1,2,0,0
9066-qrsdu,0.0800995024875622,1,5,1,2,0,0
0318-zopws,0.018905472636815884,2,4,1,2,0,0
0419-yaapx,0.6671641791044776,0,4,0,1,0,0
9786-ijydl,0.944776119402985,2,2,2,1,0,0
4195-pngzs,0.061691542288557194,2,5,1,2,0,0
9372-txxps,0.41393034825870645,2,4,2,0,0,0
7734-dboai,0.21741293532338307,0,0,0,0,1,1
2858-mofsq,0.3741293532338309,1,1,0,0,1,0
8180-akmjv,0.2616915422885572,0,0,0,0,0,0
2690-dvrvk,0.02288557213930348,1,0,1,2,0,0
1790-nesio,0.021393034825870627,2,1,1,2,0,0
8083-ytzes,0.5582089552238805,0,0,0,1,1,1
0661-kbkpa,0.6019900497512437,1,4,0,0,0,0
4139-detxs,0.4597014925373134,2,5,2,0,0,0
1395-wswxr,0.02487562189054726,2,1,1,2,0,0
9546-kdtrb,0.06417910447761191,0,1,1,2,0,0
4291-hpaxl,0.015920398009950265,0,0,1,2,0,0
6198-zfioj,0.5706467661691541,0,0,0,1,0,1
7472-eqoav,0.6810945273631841,1,5,2,1,0,0
5997-opvfa,0.7044776119402985,2,5,2,0,0,0
5236-xmzjy,0.4119402985074626,0,3,2,0,0,0
3873-nftgi,0.37064676616915426,0,1,0,0,0,0
8695-wdyea,0.32835820895522383,0,0,2,0,0,0
4342-hentk,0.5213930348258707,0,0,0,1,1,1
8580-qvloc,0.7383084577114428,2,5,2,0,1,0
3143-jqegi,0.6975124378109452,0,1,0,1,1,0
4465-vdkiq,0.5925373134328358,0,1,0,1,0,0
0824-vwdpo,0.7810945273631841,1,3,2,1,0,0
3162-kkzxo,0.8149253731343283,1,4,0,1,0,0
8445-dnbae,0.31641791044776113,0,0,0,0,0,0
2111-dwyhn,0.028358208955223896,0,0,1,2,0,0
2662-nntdk,0.06517412935323383,1,5,1,2,0,0
7502-bnygs,0.5059701492537313,0,3,0,0,0,0
5372-fbkbn,0.02487562189054726,0,1,1,2,0,0
4597-nucqv,0.8258706467661691,0,1,0,1,1,1
0020-jdnxp,0.4278606965174129,1,2,2,0,0,0
6599-gzwcm,0.5611940298507463,1,1,0,1,0,0
4342-hfxws,0.5119402985074627,1,3,2,0,0,0
5035-pgzxh,0.8810945273631839,1,4,0,1,0,0
8216-azuuz,0.8174129353233831,2,3,0,1,0,0
5542-dhsxl,0.36268656716417913,0,0,2,0,0,0
8498-xxgwa,0.36716417910447763,0,5,2,0,0,0
6542-lwgxj,0.06716417910447761,0,0,0,0,0,1
6248-tkcqv,0.6203980099502486,2,5,2,0,0,0
3068-omwza,0.7019900497512437,0,0,0,1,1,1
2430-rryuw,0.363681592039801,1,5,2,0,0,0
8292-tyspy,0.3656716417910447,0,1,0,0,1,0
4589-iuajb,0.05970149253731341,2,5,1,2,0,0
5693-pipcs,0.8099502487562189,2,3,0,1,0,0
7446-kqiso,0.9104477611940299,2,3,0,1,0,0
0048-pihnl,0.021890547263681587,1,4,1,2,0,0
6284-ahooq,0.7189054726368159,0,1,0,1,1,0
2805-edjpq,0.8109452736318408,1,4,0,1,0,0
9103-tcihj,0.372636815920398,0,1,2,0,1,0
9402-roumj,0.8159203980099502,1,5,2,1,0,0
5562-betpv,0.013930348258706454,1,0,1,2,0,0
3167-snqpl,0.8248756218905472,0,3,0,1,0,0
0810-dhdbd,0.554726368159204,1,4,2,0,0,0
1776-spbwv,0.01840796019900498,1,2,1,2,0,0
9537-jalfh,0.01641791044776117,2,5,1,2,0,0
0702-pgibz,0.8303482587064676,0,0,0,1,1,1
3055-vtcgs,0.4009950248756219,1,5,0,0,0,0
9548-lerkt,0.014925373134328346,2,1,1,2,0,0
6794-hkiaj,0.7208955223880598,0,5,2,1,0,0
9531-nsbmr,0.009950248756218888,1,2,1,2,0,0
6368-nwmce,0.49651741293532337,0,3,0,0,0,0
0643-oklrp,0.617910447761194,0,3,2,1,1,0
9948-yptdg,0.608955223880597,0,3,2,1,1,0
4879-gzlfh,0.7353233830845771,0,3,0,1,0,0
8098-tdcbu,0.06965174129353235,2,3,1,2,0,0
5122-cyfxa,0.5676616915422885,0,0,0,0,0,1
9889-tmahg,0.8164179104477611,0,0,2,1,1,1
5357-tzhpp,0.6582089552238807,0,0,0,1,1,1
1474-juwsm,0.49900497512437814,1,4,2,0,0,0
8399-yndch,0.4159203980099502,0,1,0,0,1,0
3847-baerp,0.026368159203980085,0,0,1,2,0,0
9402-cxwpl,0.8024875621890547,1,5,0,1,0,0
5049-mubwg,0.5646766169154228,1,2,2,0,0,0
4039-heunw,0.7786069651741293,0,2,0,1,1,0
5803-nqjzo,0.49303482587064673,2,5,2,0,0,0
4116-tzaqj,0.5572139303482587,0,0,2,1,1,0
9094-azphk,0.8149253731343283,0,1,0,1,0,1
6121-tnhbo,0.6442786069651741,1,5,2,0,0,0
1564-hjuvy,0.45273631840796014,0,0,0,0,0,0
7407-sujiz,0.023383084577114438,0,2,1,2,0,0
5468-bpmmo,0.013432835820895522,0,3,1,2,0,0
9168-inpsz,0.854726368159204,0,3,0,1,0,0
8942-dbmhz,0.021890547263681587,0,0,1,2,0,0
8705-wzcyl,0.2641791044776119,0,0,0,0,0,0
0322-yinqp,0.3014925373134328,0,0,2,0,1,0
7000-wcevq,0.4313432835820895,0,1,0,0,1,0
9739-jlpqj,0.9875621890547263,2,5,2,1,0,0
2794-ximmo,0.41990049751243785,1,4,0,0,1,0
9565-axsmr,0.009452736318407956,2,4,1,2,0,0
2880-fpnae,0.5567164179104478,0,0,0,1,0,1
3316-uwxuy,0.7487562189054726,0,4,2,1,0,0
9824-bemcv,0.5049751243781094,0,1,0,1,1,0
3256-ezdbi,0.11144278606965174,0,4,0,0,0,0
1226-ienzn,0.6019900497512437,0,1,0,1,0,0
2823-lkabh,0.7641791044776118,0,1,0,1,0,1
6161-erdgd,0.6686567164179105,1,5,2,0,0,0
2137-dqmev,0.2641791044776119,1,5,2,0,0,0
2424-wvhpl,0.5616915422885572,0,0,0,1,0,1
9945-psvip,0.004477611940298498,2,2,1,2,0,0
2840-xanrc,0.7452736318407961,0,1,0,1,1,0
8008-hawed,0.3233830845771144,0,1,0,0,1,0
0412-uccnp,0.4074626865671642,2,4,2,0,0,0
6402-ssejg,0.42587064676616915,1,2,2,0,0,0
8049-wjclq,0.4174129353233831,0,0,0,0,0,0
2830-lewoa,0.8522388059701492,1,5,0,1,0,0
9780-fkvvf,0.4069651741293532,0,0,2,0,0,0
5014-gsouq,0.01691542288557213,2,1,1,2,0,0
0396-hujbp,0.010447761194029848,0,0,1,2,0,0
8356-wuaoj,0.26616915422885573,0,0,0,0,0,1
5442-bhqng,0.5184079601990049,0,0,0,1,0,1
5655-jsmzm,0.7756218905472637,0,4,0,1,1,0
7065-yunry,0.2691542288557213,0,0,0,0,1,1
5161-xeuvx,0.7567164179104477,2,3,0,1,0,0
9068-fhqhd,0.018905472636815884,2,3,1,2,0,0
8017-lxhfa,0.7611940298507462,0,1,0,1,1,1
0786-ivlaw,0.8940298507462686,1,5,0,1,0,0
6100-qqheb,0.7393034825870646,0,1,0,1,1,0
2642-dtvco,0.6646766169154228,0,0,0,1,1,1
0147-eswwr,0.8258706467661691,0,3,0,1,0,0
2335-gsoda,0.21741293532338307,2,1,2,0,0,0
9602-wcxpi,0.018905472636815884,1,4,1,2,0,0
0329-gtiaj,0.7925373134328358,0,0,0,1,1,1
8241-juiqo,0.011940298507462671,1,5,1,2,0,0
0581-mdmpw,0.7034825870646766,0,1,0,1,0,0
9314-ijwsq,0.6621890547263681,0,1,0,1,0,1
8532-uefwh,0.07462686567164178,2,4,1,2,0,0
7861-uvuft,0.6572139303482587,0,1,0,1,1,1
8383-sghju,0.40945273631840795,1,2,2,0,0,0
8755-iwjhn,0.7671641791044775,0,5,0,1,0,0
0123-crbrt,0.6950248756218904,2,5,2,0,0,0
2223-gdshl,0.9731343283582089,2,5,2,1,0,0
8189-hbvrw,0.7218905472636815,0,4,2,1,0,0
8495-prwfh,0.37213930348258706,0,3,0,0,0,0
6092-qzvpp,0.6064676616915423,0,2,2,0,0,0
5129-jlpis,0.8681592039800995,0,2,2,1,0,0
1614-jbebi,0.024378109452736302,0,0,1,2,0,0
0637-ylety,0.7696517412935323,0,1,0,1,1,1
0135-nmxap,0.7114427860696517,0,0,0,1,1,1
7892-pookp,0.8611940298507462,0,2,0,1,1,1
8161-qymtt,0.7547263681592039,0,0,0,1,0,1
3001-cbhlq,0.8621890547263681,0,2,0,1,1,1
8945-grkhx,0.600995024875622,0,0,0,1,1,1
4625-ewptf,0.1213930348258706,0,0,2,0,1,0
1343-ehpyb,0.8472636815920399,0,5,0,1,1,0
0375-hvgxo,0.16368159203980104,0,0,0,0,1,1
0330-bgyze,0.8383084577114427,1,4,0,1,0,0
5989-pgkjb,0.6766169154228856,0,1,0,1,0,1
8752-ghjfu,0.7338308457711442,1,5,2,1,0,0
4851-bqdnx,0.6646766169154228,1,3,0,1,0,0
7240-fqlhe,0.8109452736318408,0,1,0,1,1,1
6175-irfit,0.6019900497512437,0,0,0,1,0,1
6538-pochl,0.6044776119402985,0,2,0,1,0,0
3078-zknts,0.014925373134328346,2,1,1,2,0,0
5777-kjirb,0.31840796019900497,1,3,0,0,0,0
7923-iyjwy,0.9736318407960197,2,5,2,1,0,0
2810-ftlem,0.31741293532338305,0,1,2,0,1,0
1265-hvpzb,0.4791044776119403,1,4,2,0,0,0
9796-bpkiw,0.5144278606965175,0,0,0,1,0,1
9178-jhuvj,0.05820895522388059,2,1,1,2,0,0
4732-rrjzc,0.019900497512437804,0,0,1,2,0,0
7010-brbuu,0.05820895522388059,2,5,1,2,0,0
9688-ygxvr,0.6955223880597016,0,3,0,1,0,0
9286-dojgf,0.564179104477612,0,3,0,1,1,0
6994-kerxl,0.3746268656716417,0,0,0,0,0,0
2181-uaesm,0.3502487562189055,0,0,2,0,0,0
4312-gvynh,0.3144278606965174,2,5,2,0,0,0
2495-kznfb,0.7203980099502488,0,2,2,1,0,0
4367-nhwmm,0.06616915422885569,0,0,0,0,0,1
8898-kascd,0.17213930348258705,1,3,0,0,0,0
8016-ncfvo,0.9776119402985074,0,4,2,1,0,0
4578-phjyz,0.5024875621890547,1,4,0,0,0,0
2091-mjtfx,0.3278606965174129,0,2,0,0,1,0
2277-djjdl,0.8034825870646766,0,4,0,1,0,0
2511-morqy,0.36467661691542286,1,4,0,0,0,0
2731-gjrdg,0.908457711442786,1,2,2,1,0,0
1784-ezdkj,0.8810945273631839,1,4,0,1,0,0
2468-sjflm,0.5577114427860697,0,0,0,1,0,1
5115-sqaau,0.07313432835820893,2,5,1,2,0,0
8708-xpxhz,0.7557213930348259,0,3,0,1,1,0
0601-wzhjf,0.2796019900497512,0,1,0,0,1,0
0463-txoak,0.07313432835820893,2,4,1,2,0,0
4683-wydou,0.8890547263681591,2,5,0,1,0,0
1166-pqlgg,0.012935323383084563,2,5,1,2,0,0
0963-zbdrn,0.7756218905472637,0,2,0,1,1,1
4871-jtkjf,0.5114427860696518,0,0,0,1,1,1
7173-tetgo,0.599502487562189,2,5,2,1,0,0
4193-orfcl,0.2671641791044776,0,0,0,0,1,1
2692-pfytj,0.07462686567164178,0,0,1,2,0,0
2369-uapkz,0.854228855721393,0,0,0,1,1,1
5193-qlvzb,0.8606965174129354,2,5,0,1,0,0
0379-djqhr,0.6278606965174128,2,5,2,0,0,0
4657-fwvfy,0.7771144278606964,0,3,0,1,0,0
0623-ejqeg,0.7492537313432835,1,5,2,1,0,0
1699-tldlz,0.014427860696517386,2,1,1,2,0,0
4501-uykbc,0.5059701492537313,1,3,0,0,0,0
8158-wpezg,0.1731343283582089,0,0,0,0,0,1
9732-eqmwy,0.8074626865671642,0,4,0,1,0,1
1099-btkwt,0.3597014925373134,1,5,2,0,0,0
4815-tumeq,0.010447761194029848,1,0,1,2,0,0
6407-utslv,0.6522388059701492,0,0,0,1,0,1
0018-nyrou,0.5044776119402985,0,0,0,1,0,1
4632-xjmex,0.44378109452736314,1,4,2,0,0,0
1409-phxtf,0.9174129353233832,2,4,0,1,0,0
8229-tniqa,0.2691542288557213,0,0,0,0,1,1
0529-onker,0.5711442786069653,0,1,0,1,1,0
3675-ydupj,0.015920398009950265,0,0,1,2,0,0
4484-cgxfk,0.3686567164179104,0,0,0,0,1,0
4443-embna,0.06467661691542287,2,5,1,2,0,0
4280-dlshd,0.36318407960199006,0,0,0,0,0,0
9300-agznl,0.753731343283582,0,0,0,1,1,1
2789-czanw,0.9159203980099503,2,5,2,1,0,0
8464-eetcq,0.00547263681592039,2,4,1,2,0,0
7216-ewtrs,0.8213930348258706,0,0,0,1,1,1
4468-kazhe,0.41542288557213924,0,1,0,0,0,0
8623-ulfnq,0.47562189054726367,0,2,0,0,0,0
9317-wzpgv,0.6119402985074627,0,0,0,1,1,1
8947-yrtdv,0.7616915422885572,1,2,2,1,0,0
1814-dkolc,0.07164179104477608,0,0,1,2,0,0
8071-sbtrn,0.9243781094527362,2,5,2,1,0,0
4701-mljpn,0.3681592039800995,0,2,0,0,1,0
1205-wnwpj,0.4104477611940298,0,0,0,0,1,0
6158-hdpxz,0.07064676616915422,0,0,0,0,0,0
6683-vlctz,0.7990049751243781,0,1,0,1,1,1
3727-owvyd,0.42736318407960205,1,2,2,0,0,0
0856-naoes,0.42437810945273624,0,0,0,0,0,0
0562-fgdcr,0.5601990049751243,2,5,2,0,0,0
0956-sycwg,0.013930348258706454,1,1,1,2,0,0
2277-vwcni,0.3034825870646766,0,0,0,0,0,1
3498-lzgqz,0.008955223880596996,2,5,1,2,0,0
9135-mgvpy,0.6611940298507463,2,5,2,0,0,0
3815-slmef,0.15920398009950248,0,0,2,0,1,0
4513-cxyix,0.6213930348258706,2,5,2,1,0,0
8944-ailef,0.011940298507462671,0,1,1,2,0,0
1270-xkucc,0.014427860696517386,2,2,1,2,0,0
6633-syeus,0.6462686567164179,0,1,0,1,0,0
8075-gxiub,0.015920398009950265,1,0,1,2,0,0
6016-nxbnj,0.008955223880596996,1,2,1,2,0,0
9332-gywlo,0.3641791044776119,0,0,0,0,0,0
3276-hdueg,0.5651741293532337,0,0,0,1,1,1
5884-fbctl,0.0681592039800995,2,5,1,2,0,0
8999-ypybv,0.6577114427860695,2,3,2,0,0,0
1522-vvdmg,0.7114427860696517,0,0,0,1,1,1
0848-somko,0.3,2,5,2,0,0,0
1657-dymbm,0.01641791044776117,2,4,1,2,0,0
6923-efpnl,0.33333333333333337,0,0,0,0,1,0
2167-fqstq,0.7378109452736319,2,5,2,0,0,0
9286-bhdqg,0.26865671641791045,2,5,2,0,0,0
7225-cbzpl,0.7616915422885572,0,1,0,1,0,1
5605-iygfg,0.5134328358208955,0,0,0,1,0,1
6861-okbce,0.01840796019900498,0,0,1,2,1,0
7571-yxdad,0.5636815920398011,0,0,0,1,1,1
0254-fnmci,0.9119402985074626,2,5,2,1,0,0
8981-fjgla,0.5945273631840796,0,0,0,1,0,1
8414-myshr,0.7278606965174129,0,0,0,1,1,1
9274-cnfmo,0.564179104477612,0,0,0,1,1,1
3794-nfnch,0.31592039800995025,0,2,0,0,0,0
5158-rivop,0.026368159203980085,2,0,1,2,0,0
1100-ddvrv,0.3139303482587064,0,1,0,0,0,0
9522-bnthx,0.37810945273631835,0,2,0,0,0,0
3677-iyrbf,0.12089552238805967,0,0,0,0,1,1
7009-pcars,0.008457711442786064,1,4,1,2,0,0
8250-znggw,0.4144278606965174,0,0,2,0,0,0
0967-bmlbd,0.01741293532338306,1,0,1,2,0,0
7594-rqhxr,0.6104477611940298,0,0,0,1,1,1
8966-snizf,0.011940298507462671,2,5,1,2,0,0
7235-nxzcp,0.56318407960199,0,0,0,1,1,1
0122-oahpz,0.553233830845771,0,0,0,1,1,1
7815-pdthl,0.019402985074626844,2,2,1,2,0,0
8331-zxfoe,0.5258706467661691,1,4,2,0,0,0
8901-uprhr,0.9049751243781096,2,5,0,1,0,0
3563-svylg,0.4417910447761194,2,5,2,0,0,0
3205-mxzra,0.4099502487562189,1,2,0,0,0,0
5392-akemh,0.2666666666666666,0,0,0,0,0,1
8201-aaxcb,0.4189054726368159,0,2,0,0,0,0
6919-elbgl,0.9621890547263682,2,5,2,1,0,0
0530-ijvdb,0.9587064676616915,2,5,2,1,0,0
5047-lhvly,0.31741293532338305,0,0,0,0,1,0
8404-fydib,0.6805970149253732,0,2,2,1,0,0
3415-taile,0.47213930348258704,0,0,0,0,1,0
2819-gweni,0.01641791044776117,1,2,1,2,0,0
6164-hxugh,0.015920398009950265,0,0,1,2,0,0
6762-qvyjo,0.4129353233830846,2,4,2,0,0,0
5046-nuhwd,0.26616915422885573,0,2,2,0,0,0
0106-ghrqr,0.5288557213930348,0,1,0,0,0,0
8374-xgejj,0.8233830845771145,0,3,0,1,1,0
2546-kzaat,0.5686567164179105,1,4,2,0,0,0
7569-nmzyq,0.9999999999999999,2,5,2,1,0,0
3279-dyzqm,0.011940298507462671,2,5,1,2,0,0
0374-fiuca,0.021393034825870627,2,5,1,2,0,0
3714-ntnfo,0.6592039800995024,0,4,0,1,0,0
8705-dwkti,0.6522388059701492,0,4,0,1,0,0
4195-smmnx,0.020895522388059695,0,0,1,2,1,0
2599-cipqe,0.9059701492537312,2,5,2,1,0,0
5136-gfpmb,0.7079601990049752,0,4,0,1,0,0
6476-yhmga,0.5796019900497512,0,1,0,0,0,0
3055-mjdsb,0.06318407960199005,0,0,0,0,0,1
7516-gmhuv,0.863681592039801,2,4,2,1,0,0
5940-nfxkv,0.6507462686567165,0,1,0,1,1,1
3597-yaszg,0.8577114427860696,2,5,0,1,0,0
3786-wovkf,0.881592039800995,1,5,2,1,0,0
2806-mlnti,0.8641791044776118,1,4,0,1,0,0
0799-ddihe,0.27910447761194024,0,1,0,0,0,0
9926-pjhdq,0.5825870646766169,2,5,0,0,0,0
0334-gddso,0.6278606965174128,0,0,0,1,1,1
2371-kfuog,0.8049751243781095,1,4,2,1,0,0
4634-jlrjt,0.020895522388059695,0,0,1,2,0,0
5886-vlqvu,0.7124378109452736,0,2,0,1,0,0
3194-orpik,0.6582089552238807,0,4,0,1,1,0
6048-njxhx,0.014925373134328346,2,3,1,2,0,0
7860-ksugx,0.4597014925373134,2,5,2,0,0,0
2925-mxlsx,0.5044776119402985,1,2,0,0,0,0
2933-filnv,0.061194029850746234,0,0,0,0,1,0
7758-xkcbs,0.11393034825870646,0,1,0,0,1,0
2027-dnkiv,0.4029850746268656,1,3,2,0,0,0
4751-erman,0.5686567164179105,2,5,0,0,0,0
8224-kdlkn,0.06716417910447761,2,5,1,2,0,0
7929-skfgk,0.9557213930348257,2,5,2,1,0,0
8329-ibcti,0.013930348258706454,0,0,1,2,1,0
5016-iberq,0.6567164179104478,0,1,0,1,0,1
5405-zmyxq,0.5606965174129352,0,0,0,1,0,1
7841-tzdmq,0.2761194029850746,0,0,0,0,1,1
9754-clvzw,0.20497512437810944,0,2,2,0,0,0
9503-xjume,0.013930348258706454,1,4,1,2,0,0
3298-qeica,0.16268656716417912,2,1,2,0,0,0
9420-lojkx,0.8044776119402984,0,1,2,1,1,0
3391-jsqew,0.31741293532338305,0,3,0,0,0,0
4939-kyypy,0.4099502487562189,0,2,0,0,0,0
2061-vvfst,0.01243781094527363,0,3,1,2,0,0
6480-yagiy,0.9348258706467661,1,3,2,1,0,0
0330-ivzha,0.5144278606965175,0,0,0,1,1,1
7161-dfhuf,0.05572139303482587,2,5,1,2,0,0
1260-ttrxi,0.35870646766169145,0,0,0,0,1,0
8577-qsocg,0.019402985074626844,2,3,1,2,0,0
8963-jlgjt,0.3746268656716417,0,0,2,0,0,0
3266-ftkhb,0.008955223880596996,2,1,1,2,0,0
6122-ljada,0.7154228855721393,2,5,2,0,0,0
8710-yglwg,0.2651741293532338,0,0,0,0,0,1
6463-hhxjr,0.818407960199005,2,5,2,1,0,0
9576-syuhj,0.7253731343283583,0,3,2,1,0,0
9289-lbqvu,0.5164179104477612,1,5,0,0,0,0
2207-qpjed,0.7139303482587065,0,3,0,1,0,0
6990-ynrio,0.899502487562189,2,5,2,1,1,0
0489-wmemg,0.31044776119402984,1,1,0,0,0,0
2189-uxtky,0.6064676616915423,0,1,2,0,1,0
7105-mxjll,0.4223880597014925,1,2,0,0,0,0
7133-vbdcg,0.6129353233830845,0,2,2,1,1,0
9933-qrgtx,0.7855721393034826,2,4,2,1,0,0
6356-elrkd,0.7696517412935323,0,0,2,1,1,1
2194-iiqof,0.7069651741293532,2,5,2,0,0,0
8063-gbatb,0.6666666666666666,0,2,0,1,1,0
9611-ctwih,0.708457711442786,0,0,0,1,1,1
3571-dpyuh,0.7606965174129353,1,4,0,1,0,0
8519-qjgjd,0.5681592039800994,0,1,0,1,1,0
5846-neqvz,0.5233830845771144,2,5,2,0,0,0
6022-kouqo,0.10746268656716418,0,0,0,0,0,0
7205-baiad,0.023383084577114438,2,3,1,2,0,0
9574-bosmd,0.07114427860696515,2,5,1,2,0,0
4884-tvuqf,0.8263681592039801,2,4,2,1,0,0
6439-gtpca,0.6865671641791045,0,3,0,1,1,0
3795-cawex,0.9781094527363184,2,5,2,1,0,0
7821-dprqe,0.8900497512437812,0,5,2,1,0,0
4983-clmlv,0.8402985074626866,0,4,0,1,0,0
2380-damqp,0.9641791044776119,2,5,2,1,0,0
7534-bfesc,0.5756218905472636,0,1,0,1,1,0
6695-frvec,0.4194029850746268,2,5,2,0,0,0
0361-hjrdx,0.45870646766169143,2,5,2,0,0,0
0354-vxmjc,0.013432835820895522,2,1,1,2,0,0
6559-ilwkj,0.309452736318408,2,5,0,0,1,0
9895-vfoxh,0.061194029850746234,0,0,0,0,0,0
8229-bujhx,0.02238805970149252,2,5,1,2,0,0
4476-oswtn,0.9184079601990048,1,5,2,1,0,0
2995-uprys,0.8054726368159204,1,3,0,1,1,0
9208-olgaq,0.663681592039801,0,1,0,1,0,1
4124-mmetb,0.7601990049751244,0,1,0,1,1,1
8882-tlvrw,0.20746268656716416,2,5,2,0,0,0
2957-jirmn,0.6587064676616915,1,5,0,1,0,0
3646-itdgm,0.014427860696517386,2,4,1,2,0,0
2673-zalnp,0.01641791044776117,1,0,1,2,0,0
9975-skrnr,0.0064676616915422536,0,0,1,2,0,0
3724-ucshy,0.012935323383084563,0,0,1,2,0,0
0259-gbzsh,0.6706467661691543,0,0,0,1,1,1
7130-ctcus,0.3611940298507462,0,1,2,0,0,0
8150-qudfx,0.015920398009950265,0,0,1,2,0,0
8218-ffjds,0.6781094527363184,2,5,2,0,0,0
8259-nfjtv,0.16318407960199,0,0,2,0,0,0
7909-fioiy,0.06567164179104479,0,1,0,0,0,0
3317-vlgqt,0.5955223880597014,0,1,0,1,0,0
2722-vojql,0.8696517412935324,1,5,0,1,1,0
0584-bjqgz,0.5980099502487561,0,2,2,0,0,0
6732-vaile,0.6736318407960199,2,5,0,0,0,0
1302-tpubn,0.010945273631840807,2,5,1,2,0,0
8380-pefpe,0.5313432835820896,0,0,0,1,1,1
7402-pwyjj,0.7253731343283583,1,4,0,1,0,0
4250-fdvou,0.37810945273631835,0,0,2,0,1,0
9128-cpxki,0.771641791044776,2,4,0,1,0,0
4183-wcsep,0.5990049751243781,0,2,0,1,1,0
0404-swrvg,0.5587064676616916,0,0,0,1,1,1
6227-hwpwx,0.5049751243781094,0,1,0,1,1,0
1899-vxwxm,0.8741293532338307,1,3,0,1,1,0
8450-jovah,0.38258706467661696,0,0,2,0,1,0
4550-vbofe,0.8427860696517412,0,5,0,1,1,0
9546-cqjsu,0.7278606965174129,0,0,0,1,1,1
4789-kwmxn,0.9213930348258706,1,3,2,1,1,0
0835-duuiq,0.027860696517412936,1,1,1,2,0,0
1855-agawh,0.7517412935323382,1,2,0,1,0,0
9079-yexqj,0.9238805970149252,0,4,0,1,1,0
3577-amvux,0.36616915422885565,0,0,0,0,0,0
2316-esmls,0.14825870646766165,1,0,2,0,0,0
9426-sxnhe,0.00497512437810943,0,0,1,2,0,0
8550-xsxuq,0.5203980099502488,1,3,0,0,0,0
0723-drclg,0.5592039800995025,0,0,0,1,1,1
2176-osjuv,0.4666666666666667,2,5,2,0,0,0
0107-weslm,0.015920398009950265,0,0,1,2,1,0
8626-xhbie,0.06517412935323383,2,4,1,2,0,0
0188-gwfle,0.01791044776119402,0,0,1,2,0,0
8166-zztfs,0.6199004975124378,2,5,0,0,1,0
5774-qpltf,0.020895522388059695,1,4,1,2,0,0
0929-peclo,0.7099502487562188,0,5,0,1,0,0
5696-qurrl,0.2666666666666666,0,0,0,0,1,1
8124-nzvgj,0.30845771144278605,1,0,0,0,0,0
4130-mzlcc,0.32139303482587056,0,0,0,0,0,0
4489-snojf,0.5373134328358209,0,2,2,0,1,0
8984-hpemb,0.9990049751243782,2,5,2,1,0,0
4615-pivvu,0.48009950248756217,2,3,0,0,0,0
6848-hjtxy,0.011940298507462671,2,5,1,2,0,0
8757-tfhhj,0.3139303482587064,0,0,2,0,0,0
4603-janfb,0.5134328358208955,0,0,0,1,1,1
8565-hbfnn,0.8850746268656716,1,5,2,1,0,0
7422-wnbty,0.7472636815920397,0,2,0,1,0,0
4712-uyooi,0.01741293532338306,0,1,1,2,0,0
3372-cdxfj,0.062189054726368154,1,1,1,2,0,0
5353-wilci,0.3761194029850746,0,2,2,0,0,0
0988-aadsa,0.6228855721393034,2,5,2,0,0,0
8270-rksap,0.5199004975124378,0,0,0,1,0,1
5954-bdfsg,0.8880597014925372,2,5,0,1,0,0
5792-jalqc,0.41393034825870645,2,4,2,0,0,0
2202-outmo,0.4238805970149254,0,2,2,0,0,0
9028-lihrp,0.8154228855721393,2,5,2,1,0,0
9150-kpbjq,0.013930348258706454,2,0,1,2,0,0
4003-octmp,0.4552238805970149,1,2,2,0,0,0
8775-lhdjh,0.7199004975124377,0,0,0,1,1,1
6770-uaygj,0.06965174129353235,2,4,1,2,0,0
7596-iiwyc,0.019900497512437804,2,2,1,2,0,0
0887-wbjvh,0.7482587064676617,1,4,0,1,0,0
8840-dqlgn,0.818407960199005,0,2,2,1,1,0
8413-vonuo,0.7701492537313434,0,0,0,1,1,1
9281-pkkze,0.2557213930348259,0,3,0,0,0,0
5186-peizu,0.009950248756218888,0,2,1,2,0,0
6339-ypsah,0.5527363184079601,0,0,0,1,0,1
2324-efhvg,0.8572139303482588,2,5,0,1,0,0
1918-zbfqj,0.6069651741293532,0,1,0,1,1,0
6968-gmkpr,0.6298507462686567,0,4,0,1,0,0
3062-icyzq,0.7517412935323382,0,4,2,1,0,0
2233-fagxv,0.06019900497512437,0,0,1,2,0,0
6017-pplpx,0.5194029850746269,0,1,0,1,1,0
1982-febtd,0.07313432835820893,2,1,1,2,0,0
9705-iovqq,0.8034825870646766,1,5,0,1,0,0
6288-chqjb,0.5144278606965175,2,4,2,0,0,0
3315-totbp,0.5746268656716418,0,1,0,1,1,0
6096-egvtu,0.06616915422885569,1,5,1,2,0,0
2937-fthur,0.46318407960199004,0,1,2,0,0,0
4062-hbmos,0.843781094527363,0,4,0,1,0,0
2387-kdzqy,0.01840796019900498,1,1,1,2,0,0
4609-knnwg,0.01641791044776117,2,2,1,2,0,0
0409-wtmpl,0.9194029850746269,1,4,2,1,0,0
3766-ejlfl,0.9034825870646767,2,5,2,1,0,0
4232-jgkiy,0.009452736318407956,0,0,1,2,0,0
0334-zfjsr,0.47562189054726367,1,4,2,0,0,0
6582-oivsp,0.2691542288557213,0,0,0,0,0,1
8661-boynw,0.6582089552238807,2,5,2,0,0,0
4257-gaesd,0.26616915422885573,0,0,0,0,0,1
8785-cjshh,0.8114427860696517,0,4,0,1,0,0
5469-ctcwn,0.873134328358209,1,5,2,1,1,0
2839-rfsqe,0.023880597014925342,0,0,1,2,1,0
4890-vmuav,0.5298507462686567,1,5,2,0,0,0
3365-saigs,0.6497512437810945,0,1,0,1,0,1
0946-cljti,0.800497512437811,0,4,0,1,1,0
3920-hihmq,0.31094527363184077,0,2,0,0,0,0
5307-uvgnb,0.3029850746268657,0,4,2,0,0,0
8780-rsyyu,0.009452736318407956,0,2,1,2,0,0
0742-nxbgr,0.6373134328358209,0,0,0,1,1,1
8067-nioym,0.028358208955223896,2,1,1,2,0,0
5916-qewpt,0.5049751243781094,0,0,0,0,0,0
1029-qfben,0.012935323383084563,0,0,1,2,1,0
9251-wnsod,0.5656716417910447,1,5,2,0,0,0
6576-fbxoj,0.36169154228855727,1,1,0,0,0,0
2501-xwwtz,0.5169154228855721,0,0,0,1,0,1
6080-lnesi,0.06467661691542287,2,4,1,2,0,0
7245-niiwq,0.5134328358208955,0,0,0,1,0,1
6567-hoopw,0.6064676616915423,0,0,0,1,1,1
4550-evxny,0.5114427860696518,0,0,0,1,1,1
6437-udqjm,0.6552238805970149,2,5,2,0,0,0
0297-rbcsg,0.4686567164179104,1,1,0,0,0,0
2097-yvpkn,0.07462686567164178,2,5,1,2,0,0
0853-nwifk,0.8164179104477611,1,3,2,1,0,0
4853-oitsn,0.7054726368159204,0,0,2,1,0,0
6128-dafvy,0.2646766169154229,0,4,0,0,0,0
1197-bvmvg,0.5592039800995025,0,0,0,1,0,1
7508-dqakk,0.6781094527363184,2,5,2,0,0,0
9938-prcvk,0.014427860696517386,2,3,1,2,0,0
0289-ivarm,0.4208955223880596,0,2,2,0,0,0
8260-ngfny,0.06915422885572137,0,0,0,0,1,1
7074-ievoj,0.6084577114427862,0,0,0,1,1,1
6614-ywysc,0.06716417910447761,2,5,1,2,0,0
8473-vuvjn,0.5512437810945274,0,0,0,1,1,1
6693-djwty,0.3716417910447761,1,2,2,0,0,0
3655-snqyz,0.945273631840796,2,5,2,1,0,0
2845-kdhvx,0.49800995024875616,2,5,0,0,0,0
5027-yocxn,0.9134328358208955,1,4,2,1,0,0
8884-mrnsu,0.01641791044776117,1,1,1,2,0,0
0567-xrhcu,0.2557213930348259,2,5,2,0,0,0
5868-czjdr,0.13034825870646766,0,0,0,0,1,1
